date,runoff_coefficient,evapotranspiration_ratio,storage_efficiency,water_balance_index,aridity_index,wb_error_pct
2023-01-15,0.043862269919902656,0.5963281970917291,0.0030868046,0.4036717244210906,0.5963281970917291,35.98094404665865
2023-01-16,0.052306595782839735,0.7068725548428849,0.0030956992,0.2931273522314481,0.7068725548428849,23.982892882484343
2023-01-17,0.029976513889344015,0.39040351850162636,0.0031007659,0.6095964285843222,0.39040351850162636,57.9298227140277
2023-01-18,0.014040299188991027,0.18850328360207663,0.0030938273,0.8114966908298245,0.18850328360207663,79.76692775762658
2023-01-19,0.024465848253720834,0.35966439142689893,0.0030814835,0.6403355604234581,0.35966439142689893,61.65829301565113
2023-01-20,0.047415290421440305,0.7300371411567714,0.0030729405,0.2699627623164519,0.7300371411567714,22.353707005767966
2023-01-21,0.04842251035333387,0.7491145101843351,0.0030700124,0.25088539110620267,0.7491145101843351,20.280964791894355
2023-01-22,0.033205896605237865,0.5102668226770842,0.0030689617,0.48973310980013623,0.5102668226770842,45.66123188940105
2023-01-23,0.030512965811066554,0.47675293455569984,0.0030668918,0.5232470026742001,0.47675293455569984,49.28899667540415
2023-01-24,0.024381982189828216,0.38268598774899437,0.0030682052,0.6173139619038496,0.38268598774899437,59.285263527417875
2023-01-25,0.022575825503365256,0.35534082193445415,0.0030673936,0.6446591305468173,0.35534082193445415,62.212956701868485
2023-01-26,0.019651598682319086,0.3242818287283557,0.003052322,0.6757181279212029,0.3242818287283557,65.68505388921321
2023-01-27,0.03147879110241909,0.5420269513465794,0.0030386713,0.4579729764398298,0.5420269513465794,42.76771459739849
2023-01-28,0.03242423592932224,0.5728946398053064,0.003024767,0.42710528390099567,0.5728946398053064,39.5954027199173
2023-01-29,0.04720995614999543,0.8596858884530016,0.0030107957,0.1403139979705861,0.8596858884530016,9.500820096876867
2023-01-30,0.056179908866159985,1.0222416905079852,0.0030067659,-0.022241824677072364,1.0222416905079852,-7.7772860781748125
2023-01-31,0.027965900271236813,0.4882484469246481,0.0030085729,0.511751488544367,0.4882484469246481,48.36456504971219
2023-02-01,0.04779222269405643,0.8141742635713023,0.003015896,0.18582562886141665,0.8141742635713023,13.708805152018657
2023-02-02,0.033078617523750554,0.5617943077754186,0.0030227893,0.43820561924667273,0.5617943077754186,40.452337905389584
2023-02-03,0.20675619041650303,1.5,0.0030289257,-2.424837560648355,3.4248371126011583,-263.48932262020026
2023-02-04,0.04959764769288715,0.7887592148822175,0.0030312522,0.21124068143239355,0.7887592148822175,16.135357804405974
2023-02-05,0.17991080222517303,1.5,0.003029734,-1.840022304140405,2.8400219335898007,-201.92579098830774
2023-02-06,0.03893824321022498,0.5878818235660536,0.0030315905,0.4121180989836827,0.5878818235660536,37.3007294910971
2023-02-07,0.026490981814968676,0.3955176940478089,0.0030293202,0.6044822531772477,0.3955176940478089,57.81350456070092
2023-02-08,0.040795380089963834,0.6388016030514253,0.0030213965,0.36119831284385423,0.6388016030514253,32.12026592408988
2023-02-09,0.04256699743600847,0.651584464237856,0.0030318582,0.3484154496852974,0.651584464237856,30.476784182144005
2023-02-10,0.024970090622606293,0.3795454350733025,0.0030392224,0.620454514586585,0.3795454350733025,59.50395211553198
2023-02-11,0.0250403461336771,0.3788039807227267,0.0030474341,0.6211959685374557,0.3788039807227267,59.56556328059629
2023-02-12,0.033975936116670255,0.5302653332635252,0.0030458744,0.46973459594309325,0.5302653332635252,43.58911620469182
2023-02-13,0.047954428376345636,0.7741130910332583,0.0030388092,0.22588680677093498,0.7741130910332583,17.879881127331167
2023-02-14,0.03711530573501737,0.5981271353417565,0.0030350597,0.4018727855535751,0.5981271353417565,36.51133943783867
2023-02-15,0.01830075674744761,0.2928900800223882,0.0030330913,0.7071098806133199,0.2928900800223882,68.89020899249476
2023-02-16,0.01330938130544608,0.2221065172598978,0.0030242372,0.7778934527391228,0.2221065172598978,76.49028400303314
2023-02-17,0.015342266788549056,0.2741467714512579,0.003009091,0.725853191822344,0.2741467714512579,71.1178425348123
2023-02-18,0.03105695880269103,0.5805249100991398,0.0030001234,0.4194750127990708,0.5805249100991398,38.92477136264175
2023-02-19,0.024273350727924373,0.4601670392752925,0.002994028,0.5398328996436838,0.4601670392752925,51.60063280786616
2023-02-20,0.01329770165799698,0.2533058069914301,0.002988322,0.7466941592257119,0.2533058069914301,73.36277615513121
2023-02-21,0.013550444881351724,0.2651634903064018,0.0029840188,0.7348364743192458,0.2651634903064018,72.14687046103111
2023-02-22,0.016638235449866073,0.32896688421449466,0.002986054,0.6710330717113041,0.32896688421449466,65.42871820041934
2023-02-23,0.01976928484171756,0.40261081433814827,0.002981313,0.5973891320231948,0.40261081433814827,57.792500523156754
2023-02-24,0.06467327023866827,1.326728649782994,0.0029824253,-0.3267288251292302,1.326728649782994,-39.163609288459234
2023-02-25,0.019855093896109018,0.39838522717126845,0.0029846397,0.6016147199116019,0.39838522717126845,58.161897020351674
2023-02-26,0.02412777080763004,0.47143368665664065,0.0029942207,0.5285662504347273,0.47143368665664065,50.37152121558167
2023-02-27,0.04187862563763097,0.8151515252596226,0.0029956384,0.1848483662727097,0.8151515252596226,14.278520186086311
2023-02-28,0.025909182968446486,0.5052507572023058,0.0029918256,0.4947491755016813,0.5052507572023058,46.91478988150262
2023-03-01,0.01288428637201409,0.24830165794201117,0.0029873725,0.7516983085841962,0.24830165794201117,73.89929002895886
2023-03-02,0.020197796308416047,0.39697969088428997,0.0029795028,0.6030202555374055,0.39697969088428997,58.33284494542619
2023-03-03,0.056945787052423265,1.1758077444833792,0.002967353,-0.17580789890525378,1.1758077444833792,-23.05023421296676
2023-03-04,0.02870381439409684,0.5634261223949835,0.0029688294,0.4365738028401413,0.5634261223949835,40.77375439763922
2023-03-05,0.029760419576495063,0.5840863733530822,0.0029657767,0.415913549464764,0.5840863733530822,38.643585758448026
2023-03-06,0.03469201800000163,0.6743354274553199,0.0029629597,0.32566448375870566,0.6743354274553199,29.127259415749073
2023-03-07,0.019585237858167133,0.37005231800102795,0.0029618926,0.629947633039194,0.37005231800102795,61.04250700106145
2023-03-08,0.02966349806322763,0.55745333899019,0.0029649579,0.4425465870848463,0.55745333899019,41.2611155993949
2023-03-09,0.13774857260001208,1.5,0.0029697246,-1.6086147547007181,2.608614413486479,-174.83151810355918
2023-03-10,0.05523643568406344,1.0058219967651039,0.0029807389,-0.005822128369378982,1.0058219967651039,-6.279800549545158
2023-03-11,0.06834178197063893,1.1854710961936716,0.0029921168,-0.18547125092172306,1.1854710961936716,-25.59256241591978
2023-03-12,0.11811598336345591,1.5,0.0030056357,-0.9714486008939738,1.9714483444659587,-109.37247187304398
2023-03-13,0.799211713963001,1.5,0.003026225,-11.557280294283855,12.557278662856167,-1239.6798654033753
2023-03-14,0.07157073164449824,1.040484822620009,0.0030452998,-0.04048495920306279,1.040484822620009,-11.518213821371615
2023-03-15,0.20481992788150297,1.5,0.0030556654,-1.9045422879945628,2.904541909006928,-211.4076357454487
2023-03-16,1.0,1.5,0.003073769,-512.4959796091226,513.4959132525339,-55133.132477809864
2023-03-17,0.07653952097672734,0.968048873021008,0.0031011442,0.03195100035430458,0.968048873021008,-4.874812239310764
2023-03-18,0.18900657939765386,1.5,0.0031051405,-1.3715058174622674,2.3715055086324632,-156.19936085136672
2023-03-19,0.31159714499988195,1.5,0.003113924,-2.8092645088301347,3.809264014323328,-312.6073730321634
2023-03-20,0.031647331580481684,0.369015786428811,0.0031222599,0.6309841647198812,0.369015786428811,59.8848157467936
2023-03-21,0.08186334132646582,0.9971422276363913,0.003117238,0.0028576423748165247,0.9971422276363913,-7.822233615652531
2023-03-22,0.08188845917872949,0.9834452192459457,0.0031284324,0.01655465240630452,0.9834452192459457,-6.705799892555969
2023-03-23,0.22790269757253964,1.5,0.0031395515,-1.7267840343900263,2.726783681811918,-195.93910473089343
2023-03-24,0.07610163533778477,0.8812103983671049,0.0031515292,0.11878948702320821,0.8812103983671049,4.1040566146217765
2023-03-25,0.03020793342763975,0.3429542333075079,0.0031578697,0.657045721315665,0.3429542333075079,62.64925611479949
2023-03-26,0.05090935677076853,0.6049324512408031,0.0031524852,0.3950674689459759,0.6049324512408031,34.46737730633586
2023-03-27,0.05125690072420913,0.6220233861724441,0.003149757,0.37797653148314025,0.6220233861724441,32.69892430379697
2023-03-28,0.03247483152202117,0.40534407032601455,0.0031426863,0.5946558760647438,0.40534407032601455,56.263591679226224
2023-03-29,0.1798960619036717,1.5,0.0031416877,-1.3266742328716739,2.3266739290666063,-150.62063925262953
2023-03-30,0.03718189296194957,0.4736308795625459,0.0031427743,0.5263690582434881,0.4736308795625459,48.9106095821654
2023-03-31,0.04348685040585947,0.5630648735964472,0.0031371259,0.4369350519452992,0.5630648735964472,39.39528885918083
2023-04-01,0.02037733051725714,0.265948111342108,0.0031309312,0.734051852980696,0.265948111342108,71.3939742860368
2023-04-02,0.029834219892588557,0.41846366904656096,0.0031147741,0.5815362752948973,0.41846366904656096,55.27811809134696
2023-04-03,0.11638671732800653,1.5,0.0031013882,-0.710367532540883,1.7103673079071788,-82.31458304187551
2023-04-04,0.057936110836936255,0.84476934014527,0.003098259,0.15523054887627952,0.84476934014527,9.771109963690684
2023-04-05,0.19512332778332359,1.5,0.0030898363,-1.8903830516149531,2.8903826754536817,-208.1704502232797
2023-04-06,0.11317243761311853,1.5,0.0030874002,-0.6365417366926482,1.6365415227996118,-74.90890516839072
2023-04-07,0.0502480103194323,0.7230564184694394,0.0030781112,0.2769434868186071,0.7230564184694394,22.775121581746042
2023-04-08,0.047652311394830504,0.6793831611349435,0.0030745156,0.3206167493611932,0.6793831611349435,27.335061146246954
2023-04-09,0.05951508390478568,0.8505627138171887,0.003074844,0.14943717439144924,0.8505627138171887,8.987807282970964
2023-04-10,0.038177967381116604,0.5366084781371729,0.0030758255,0.4633914507677186,0.5366084781371729,42.512973148609426
2023-04-11,0.10198401908841803,1.4692468268196808,0.003072325,-0.46924701814486464,1.4692468268196808,-57.04272582912995
2023-04-12,0.023300658654423864,0.3252406171313127,0.0030793583,0.6747593403152442,0.3252406171313127,65.10995146300985
2023-04-13,0.03229886498262333,0.45303749392290404,0.0030789122,0.5469624461711113,0.45303749392290404,51.46956279959569
2023-04-14,0.12743378147652426,1.5,0.0030777077,-0.8418935700879994,1.84189332963015,-96.89800344016865
2023-04-15,0.06952944559666376,0.9698823138844357,0.0030871036,0.03011755894174266,0.9698823138844357,-4.084586919941621
2023-04-16,0.166695645696668,1.5,0.0030999267,-1.288198533057448,2.28819823448763,-145.94883077320011
2023-04-17,0.1015416362157091,1.3611465902668773,0.003111968,-0.3611467672854433,1.3611465902668773,-46.524639805015596
2023-04-18,0.04101832239668776,0.5326281707794691,0.0031231118,0.4673717598744346,0.5326281707794691,42.542613293036965
2023-04-19,0.1815301975166398,1.5,0.0031304678,-1.3607778206003147,2.3607775151514234,-154.50041884342394
2023-04-20,0.05815037680431747,0.7341596582120055,0.0031401403,0.26584024670702117,0.7341596582120055,20.658624320357067
2023-04-21,0.04246489027736233,0.5238815725762167,0.003149023,0.4761183591841777,0.5238815725762167,43.29261124903163
2023-04-22,0.07798700977006336,0.9641945287359647,0.003155148,0.035805345873878465,0.9641945287359647,-4.31032924788603
2023-04-23,0.15490339099437148,1.5,0.0031668528,-0.8798204129532792,1.8798201694546794,-103.81438724227277
2023-04-24,0.06788270264938857,0.7930702918878415,0.0031793516,0.20692960483728587,0.7930702918878415,13.74979713996532
2023-04-25,0.05554293157611154,0.6366957200945437,0.0031886653,0.36330419695928645,0.6366957200945437,30.683424992055496
2023-04-26,0.10430192447336413,1.1967418944215746,0.003189983,-0.1967420499096498,1.1967418944215746,-30.1289858689469
2023-04-27,0.2404476221654751,1.5,0.0031990085,-1.7268810493013085,2.7268806958533967,-197.1156696708101
2023-04-28,0.07899108000938995,0.8713409595902413,0.0032129146,0.12865892721332556,0.8713409595902413,4.777889381530661
2023-04-29,0.2054097069444673,1.5,0.0032200716,-1.2366570782507544,2.236656786864875,-144.45695244230475
2023-04-30,0.08101614834580018,0.8784001381106831,0.003223417,0.12159974820252457,0.8784001381106831,4.012713737150418
2023-05-01,0.06191752017884226,0.6551267575486686,0.0032276737,0.3448731566900696,0.6551267575486686,28.25175834195334
2023-05-02,0.12743206826219694,1.3722180793889625,0.0032209787,-0.37221825815195486,1.3722180793889625,-49.82141035472956
2023-05-03,0.04610097890283885,0.4954590287468528,0.003218222,0.5045409065728614,0.4954590287468528,45.86538937928443
2023-05-04,0.04824550176692372,0.5282237159235091,0.0032100272,0.47177621497713096,0.5282237159235091,42.42101739512712
2023-05-05,0.043365430363550235,0.48577509521814904,0.0032032614,0.5142248414166333,0.48577509521814904,47.13738724371208
2023-05-06,0.5153119592889829,1.5,0.0032017445,-4.884519830914963,5.884519065876292,-539.843935293359
2023-05-07,0.12729084910158614,1.449655967885231,0.0032006803,-0.4496561558974023,1.449655967885231,-57.670695273286576
2023-05-08,0.10212553851315112,1.1553334212851027,0.003201387,-0.15533357103626094,1.1553334212851027,-25.758606212142166
2023-05-09,0.11519964296144788,1.2993425223665347,0.0032043895,-0.2993426898739869,1.2993425223665347,-41.51459289879295
2023-05-10,0.1527487823936695,1.5,0.0032116908,-0.7047681231723844,1.7047679042939952,-85.94345227553357
2023-05-11,0.048060799693624714,0.5128204006812198,0.003220616,0.4871795317196044,0.5128204006812198,43.83947729897087
2023-05-12,0.24951478929741272,1.5,0.0032116703,-1.8254798889206312,2.8254795282853142,-207.11235249340035
2023-05-13,1.0,1.5,0.0032258302,-7712056.1599731445,7712056.1599731445,-844379615.7836914
2023-05-14,1.0,1.5,0.0032262937,-185.68516757960646,186.68514329357058,-20332.268528492445
2023-05-15,1.0,1.5,0.003220948,-7679755.687713623,7679755.687713623,-840149784.0881348
2023-05-16,1.0,1.5,0.0032179647,-7674467.086791992,7674467.086791992,-840579891.204834
2023-05-17,1.0,1.5,0.0032102393,-7705906.867980957,7705906.867980957,-843602848.0529785
2023-05-18,0.37702941349248514,1.5,0.0032069026,-2.8744059144460365,3.8744054099949063,-324.9415414594407
2023-05-19,1.0,1.5,0.0032013196,-131.94645729818583,132.94644009047747,-14470.80718897879
2023-05-20,1.0,1.5,0.0032007594,-31.70687663844384,32.706872404086525,-3489.5932315668283
2023-05-21,1.0,1.5,0.0031968632,-9.332492124035682,10.332490785224158,-1034.2798304765429
2023-05-22,1.0,1.5,0.0031894085,-2048.776109711604,2049.775843762515,-224783.3896069773
2023-05-23,1.0,1.5,0.003179924,-7698856.830596924,7698856.830596924,-844029808.0444336
2023-05-24,1.0,1.5,0.0031685159,-7705857.276916504,7705857.276916504,-843653678.894043
2023-05-25,1.0,1.5,0.0031587214,-7726226.329803467,7726226.329803467,-845068073.2727051
2023-05-26,1.0,1.5,0.003163975,-7748291.492462158,7748291.492462158,-849854183.1970215
2023-05-27,1.0,1.5,0.0031625836,-7726694.107055664,7726694.107055664,-846365261.0778809
2023-05-28,1.0,1.5,0.00316769,-3546.0274958399705,3547.0270364878875,-388982.09292129474
2023-05-29,1.0,1.5,0.0031743085,-7732970.237731934,7732970.237731934,-848997783.6608887
2023-05-30,1.0,1.5,0.0031825162,-3546.6951180004553,3547.6946586483723,-389986.19840295304
2023-05-31,1.0,1.5,0.0031882243,-7736637.592315674,7736637.592315674,-851042747.4975586
2023-06-01,1.0,1.5,0.00319272,-7761222.839355469,7761222.839355469,-853979682.9223633
2023-06-02,1.0,1.5,0.003201424,-23.235569348421837,24.235566255080773,-2569.667260708748
2023-06-03,1.0,1.5,0.0032137628,-7794112.682342529,7794112.682342529,-860926342.010498
2023-06-04,1.0,1.5,0.0032241,-148.84911272474787,149.84909341093726,-16475.078782291486
2023-06-05,0.34461204310060506,1.5,0.0032323988,-2.26202864566268,3.2620282241931675,-261.0837618938166
2023-06-06,0.2497061085372028,1.5,0.0032402505,-1.3255718519131914,2.3255715485209674,-157.81366136825886
2023-06-07,0.0874413167627525,0.8196748721917803,0.0032381106,0.18032502047862817,0.8196748721917803,9.315933960123795
2023-06-08,1.0,1.5,0.0032336775,-29.980115805489966,30.980111801757044,-3316.3394970306385
2023-06-09,1.0,1.5,0.0032372717,-14.07504739986057,15.075045445406802,-1565.6565853916534
2023-06-10,1.0,1.5,0.0032352922,-7720635.890960693,7720635.890960693,-851825523.3764648
2023-06-11,0.08233866142512146,0.7929149076740198,0.0032354728,0.20708498943953438,0.7929149076740198,12.472400567780166
2023-06-12,0.08864976487106581,0.8678610292038844,0.0032342311,0.1321388587590454,0.8678610292038844,4.365602209861147
2023-06-13,0.2642228865167054,1.5,0.003236048,-1.6177472552781533,2.6177469190478826,-188.27031572346547
2023-06-14,0.18897722220610855,1.5,0.0032425162,-0.8376875686069101,1.8376873303078058,-102.85145004105884
2023-06-15,1.0,1.5,0.0032398645,-44.0287074390566,45.02870161886433,-4859.304764245308
2023-06-16,0.06864978257629838,0.6643440506083745,0.003236497,0.33565586201845066,0.6643440506083745,26.73591558488558
2023-06-17,0.040572596738188,0.4121394214354728,0.0032181896,0.5878605246496286,0.4121394214354728,54.84723886292275
2023-06-18,0.28221449881725985,1.5,0.00320878,-2.0034245337732832,3.0034241438820843,-228.12367372728747
2023-06-19,0.08675395416948899,0.9187459834014697,0.0032084696,0.08125389645051923,0.9187459834014697,-0.545528477417403
2023-06-20,0.18886597439620537,1.5,0.0032050856,-1.0436507569862021,2.043650491021743,-123.14368442922292
2023-06-21,1.0,1.5,0.0032083206,-22.609336299397714,23.60933324823375,-2480.4461284768363
2023-06-22,1.0,1.5,0.0032158392,-16.00606041065064,17.00605821658703,-1762.4073937316614
2023-06-23,1.0,1.5,0.0032190399,-7719805.717468262,7719805.717468262,-846084308.6242676
2023-06-24,1.0,1.5,0.0032175798,-62.34229916730607,63.34229096461416,-6842.213025885165
2023-06-25,0.7118897718729562,1.5,0.003213375,-6.314697769474162,7.31469681952069,-702.1795142420141
2023-06-26,1.0,1.5,0.0032058975,-88.19024639323915,89.19023482409933,-9674.304404682407
2023-06-27,1.0,1.5,0.003198075,-7683211.326599121,7683211.326599121,-841976737.9760742
2023-06-28,1.0,1.5,0.0031857276,-7741785.049438477,7741785.049438477,-846376895.904541
2023-06-29,1.0,1.5,0.0031856406,-7730342.864990234,7730342.864990234,-847482204.4372559
2023-06-30,1.0,1.5,0.0031830107,-7757360.935211182,7757360.935211182,-850407695.7702637
2023-07-01,1.0,1.5,0.0031910928,-218.0529981210227,219.05296988368153,-24001.02011945331
2023-07-02,0.49153471101813434,1.5,0.0031997308,-3.843532023697647,4.843531392724185,-434.1606893356292
2023-07-03,1.0,1.5,0.0031940045,-7718664.646148682,7718664.646148682,-848331451.4160156
2023-07-04,1.0,1.5,0.0031971594,-7733552.932739258,7733552.932739258,-851355075.8361816
2023-07-05,0.5458610321431201,1.5,0.0031996083,-4.406001326094803,5.406000626962927,-495.39169719015666
2023-07-06,0.029531444789502006,0.2903714769368671,0.003199705,0.7096284852016163,0.2903714769368671,68.00926849381726
2023-07-07,0.19368444809559804,1.5,0.0031897328,-0.9874662594510674,1.9874659977022164,-117.80184673818552
2023-07-08,0.08027140132873163,0.8458462411909011,0.0031792808,0.15415364708463172,0.8458462411909011,7.528359495876964
2023-07-09,0.10528936693706573,1.164863048797238,0.0031676777,-0.16486320041165492,1.164863048797238,-26.804158721302056
2023-07-10,1.0,1.5,0.0031712132,-948.7978406778013,949.797717834586,-103458.3812753533
2023-07-11,1.0,1.5,0.003176219,-16.203932003740164,17.203929767337918,-1778.5270512993034
2023-07-12,1.0,1.5,0.003175794,-7662853.240966797,7662853.240966797,-836607837.677002
2023-07-13,0.6765938955667097,1.5,0.0031661934,-6.503534113280126,7.503533138969408,-716.8903399327595
2023-07-14,1.0,1.5,0.0031621717,-11.022806754325147,12.022805188766746,-1210.2375501466975
2023-07-15,1.0,1.5,0.0031529383,-159.98699226942261,160.9869713946138,-17408.67592779358
2023-07-16,0.574182234743117,1.5,0.0031486228,-5.41942841042675,6.419427573026291,-598.9273858084238
2023-07-17,1.0,1.5,0.0031424065,-7672934.532165527,7672934.532165527,-834996986.3891602
2023-07-18,1.0,1.5,0.0031325575,-7706254.959106445,7706254.959106445,-837578868.8659668
2023-07-19,1.0,1.5,0.003125671,-7633458.614349365,7633458.614349365,-830830478.6682129
2023-07-20,1.0,1.5,0.0031087028,-7657372.47467041,7657372.47467041,-830860614.7766113
2023-07-21,1.0,1.5,0.0031042993,-7652960.777282715,7652960.777282715,-831396102.9052734
2023-07-22,1.0,1.5,0.003103678,-138055.599968368,138056.58206832528,-15008135.470195038
2023-07-23,1.0,1.5,0.003109711,-20.281858311351925,21.281855547209535,-2219.564236395289
2023-07-24,1.0,1.5,0.003106263,-7672492.027282715,7672492.027282715,-834879302.9785156
2023-07-25,1.0,1.5,0.0030992485,-61.227986667109455,62.2279785955675,-6657.725681350692
2023-07-26,1.0,1.5,0.0031016406,-7667275.905609131,7667275.905609131,-834445476.5319824
2023-07-27,1.0,1.5,0.0030995365,-47096.08078262869,47097.07460251268,-5124161.5489382325
2023-07-28,1.0,1.5,0.00308822,-7639309.883117676,7639309.883117676,-828457450.8666992
2023-07-29,0.45018624169474786,1.5,0.0030809625,-4.273010199402644,5.273009508970577,-471.718362354396
2023-07-30,1.0,1.5,0.0030726048,-8683.32438795819,8684.323249834175,-940144.0530368149
2023-07-31,0.9216025166082905,1.5,0.0030661707,-10.193413415962972,11.193411961427358,-1110.3786146677114
2023-08-01,1.0,1.5,0.0030689947,-7751987.457275391,7751987.457275391,-839316272.7355957
2023-08-02,0.21679988175756387,1.5,0.0030775093,-1.5978985334943197,2.597898198559831,-181.81207640126235
2023-08-03,1.0,1.5,0.0030934154,-148.85977255160378,149.85975319605362,-16207.867361354034
2023-08-04,1.0,1.5,0.0031053582,-7720372.200012207,7720372.200012207,-841141796.1120605
2023-08-05,1.0,1.5,0.0031140454,-7750448.226928711,7750448.226928711,-844770336.151123
2023-08-06,0.14766738591913664,1.5,0.0031238405,-0.6344944512371147,1.6344942391374047,-78.46548142030855
2023-08-07,1.0,1.5,0.0031322034,-5817.050454029287,5818.049701864395,-634979.853177109
2023-08-08,1.0,1.5,0.0031456847,-7729982.376098633,7729982.376098633,-845783901.2145996
2023-08-09,1.0,1.5,0.0031569893,-7704861.640930176,7704861.640930176,-843817520.1416016
2023-08-10,1.0,1.5,0.0031688276,-7655885.696411133,7655885.696411133,-839971733.0932617
2023-08-11,1.0,1.5,0.0031753802,-7624907.970428467,7624907.970428467,-836922073.3642578
2023-08-12,0.4130912108375125,1.5,0.003173924,-3.2920746122542512,4.292074050582688,-370.4184709964629
2023-08-13,0.17175932146100326,1.5,0.0031721913,-0.7862023152578611,1.7862020816516209,-95.74759670069506
2023-08-14,1.0,1.5,0.0031684602,-113.60707561082837,114.60706071437004,-12448.394108491015
2023-08-15,0.489056803076154,1.5,0.0031611316,-4.145627167538943,5.145626499338394,-462.8807250920205
2023-08-16,1.0,1.5,0.003151613,-76.57890179903336,77.57889174510946,-8372.735161067525
2023-08-17,1.0,1.5,0.003144025,-7674577.713012695,7674577.713012695,-837995529.1748047
2023-08-18,1.0,1.5,0.0031328897,-121.69530669261306,122.69529067484508,-13272.83735562207
2023-08-19,1.0,1.5,0.0031214906,-7715012.073516846,7715012.073516846,-839264297.4853516
2023-08-20,1.0,1.5,0.0031154673,-7700071.334838867,7700071.334838867,-838071155.5480957
2023-08-21,1.0,1.5,0.003111012,-7744894.981384277,7744894.981384277,-842217826.8432617
2023-08-22,1.0,1.5,0.0031147476,-119.92473134387895,120.92471569716514,-13074.249702354558
2023-08-23,1.0,1.5,0.0031193984,-919.6390388490094,920.6389189982052,-100292.06809288313
2023-08-24,1.0,1.5,0.0031218373,-7745062.828063965,7745062.828063965,-843599319.4580078
2023-08-25,1.0,1.5,0.0031368486,-7765314.57901001,7765314.57901001,-848960399.6276855
2023-08-26,0.6909523736930979,1.5,0.0031561672,-6.304131118083848,7.304130173610495,-701.6978924893069
2023-08-27,1.0,1.5,0.0031679627,-23.11297926797218,24.112976121068954,-2550.2489643517997
2023-08-28,1.0,1.5,0.0031670632,-7717699.05090332,7717699.05090332,-845806217.1936035
2023-08-29,1.0,1.5,0.0031714283,-7728629.112243652,7728629.112243652,-848152732.8491211
2023-08-30,1.0,1.5,0.0031765106,-377.6449434171246,378.64489434033834,-41487.95427350441
2023-08-31,1.0,1.5,0.0031796796,-7706968.784332275,7706968.784332275,-846464157.1044922
2023-09-01,1.0,1.5,0.0031843074,-7680648.8037109375,7680648.8037109375,-844548892.9748535
2023-09-02,1.0,1.5,0.003183738,-7655321.12121582,7655321.12121582,-841529178.6193848
2023-09-03,0.2202118063768977,1.5,0.003173895,-1.239276831204736,2.2392765374001433,-145.60180159144835
2023-09-04,1.0,1.5,0.0031612734,-7674208.164215088,7674208.164215088,-839313316.3452148
2023-09-05,1.0,1.5,0.0031511546,-7709537.506103516,7709537.506103516,-842082309.7229004
2023-09-06,0.3025511602663037,1.5,0.0031469094,-2.2424261903698195,3.242425770429837,-254.28383300092983
2023-09-07,1.0,1.5,0.0031477814,-60.938590511307545,61.93858250942064,-6674.047667817864
2023-09-08,1.0,1.5,0.003146275,-7735360.622406006,7735360.622406006,-845660781.8603516
2023-09-09,1.0,1.5,0.0031449024,-7714345.932006836,7714345.932006836,-843202304.8400879
2023-09-10,1.0,1.5,0.0031449357,-7694833.755493164,7694833.755493164,-841104888.9160156
2023-09-11,1.0,1.5,0.0031470004,-59670.04189086468,59671.03427570066,-6517314.41925338
2023-09-12,1.0,1.5,0.0031619943,-7822834.014892578,7822834.014892578,-858038806.9152832
2023-09-13,1.0,1.5,0.0031759564,-7784887.313842773,7784887.313842773,-855595397.9492188
2023-09-14,1.0,1.5,0.0031898045,-9.293467658706254,10.293466328886208,-1033.6426299236743
2023-09-15,1.0,1.5,0.0032010193,-7784483.909606934,7784483.909606934,-857371616.3635254
2023-09-16,1.0,1.5,0.003219858,-126.86761405968032,127.86759770620846,-14026.370042128065
2023-09-17,0.660677792901226,1.5,0.0032417257,-5.218576250839554,6.218575448325304,-590.0313397751921
2023-09-18,1.0,1.5,0.0032571398,-7746773.719787598,7746773.719787598,-860508346.5576172
2023-09-19,1.0,1.5,0.0032664768,-7745477.676391602,7745477.676391602,-860838413.2385254
2023-09-20,1.0,1.5,0.0032713125,-7772770.881652832,7772770.881652832,-863682270.0500488
2023-09-21,1.0,1.5,0.003278373,-7744994.163513184,7744994.163513184,-861955738.067627
2023-09-22,1.0,1.5,0.0032806045,-7711974.143981934,7711974.143981934,-858146476.7456055
2023-09-23,1.0,1.5,0.003278347,-7764648.4375,7764648.4375,-862419605.255127
2023-09-24,1.0,1.5,0.0032829114,-59.81497257413655,60.814964805997406,-6662.29770789966
2023-09-25,0.6392072669279378,1.5,0.0032900285,-4.616393346024756,5.616392625013723,-526.1759060340617
2023-09-26,1.0,1.5,0.003285992,-18.059951592335747,19.059949155615943,-2019.392189808153
2023-09-27,1.0,1.5,0.0032871724,-23.58158941514367,24.581586295480907,-2633.6252804590163
2023-09-28,1.0,1.5,0.0032952894,-7881440.162658691,7881440.162658691,-878263950.3479004
2023-09-29,1.0,1.5,0.0033059036,-19.04286358892472,20.04286105260311,-2137.1654872756358
2023-09-30,0.21732806992248865,1.5,0.0033159826,-0.8613202922632941,1.8613200552220597,-108.15151862023346
2023-10-01,1.0,1.5,0.0033218965,-7848942.756652832,7848942.756652832,-877243041.9921875
2023-10-02,1.0,1.5,0.0033340866,-7823090.553283691,7823090.553283691,-876534938.8122559
2023-10-03,1.0,1.5,0.0033443014,-298.14727425910894,299.147236220496,-33426.28726423266
2023-10-04,1.0,1.5,0.0033570277,-7951683.99810791,7951683.99810791,-891833972.9309082
2023-10-05,1.0,1.5,0.0033735817,-7948736.190795898,7948736.190795898,-893793201.4465332
2023-10-06,1.0,1.5,0.0033910268,-8088639.259338379,8088639.259338379,-909834861.7553711
2023-10-07,1.0,1.5,0.003415662,-182.28699727444868,183.2869741236072,-20663.885755353174
2023-10-08,1.0,1.5,0.0034258806,-105.38190634072303,106.38189301638732,-11930.532989688081
2023-10-09,1.0,1.5,0.0034367235,-47.81980083171408,48.81979468768265,-5431.888876904559
2023-10-10,1.0,1.5,0.0034463143,-106.29495538844324,107.29494158173529,-12102.598079921743
2023-10-11,1.0,1.5,0.0034428437,-7837081.9091796875,7837081.9091796875,-888109970.0927734
2023-10-12,1.0,1.5,0.0034417245,-7.746870620737317,8.746869509997902,-890.7989566152581
2023-10-13,1.0,1.5,0.003441902,-15.356223350560862,16.356221271727378,-1753.2786646932343
2023-10-14,1.0,1.5,0.003441364,-23.05576853123192,24.05576547438204,-2624.91346918147
2023-10-15,1.0,1.5,0.0034438316,-7967310.905456543,7967310.905456543,-901710224.1516113
2023-10-16,0.9693858640911706,1.5,0.0034502728,-6.327178221959988,7.327177303686028,-730.366180301789
2023-10-17,0.7930537764330593,1.5,0.0034552766,-5.008288276710779,6.008287530413146,-580.5822984053389
2023-10-18,1.0,1.5,0.0034607395,-8011100.769042969,8011100.769042969,-908910751.3427734
2023-10-19,1.0,1.5,0.0034614766,-25.07146000631328,26.07145674035685,-2858.135339266546
2023-10-20,0.7135440758513679,1.5,0.0034607328,-4.259502439872492,5.259501775651264,-497.2453447482956
2023-10-21,1.0,1.5,0.003455201,-7.907288268012552,8.907287129921126,-911.059352159634
2023-10-22,1.0,1.5,0.0034508896,-33.18041779952151,34.18041344367339,-3775.382860841966
2023-10-23,0.34620029653031775,1.5,0.003447951,-1.5510238940160728,2.551023564037298,-189.60608518512046
2023-10-24,0.08696028763383917,0.6552953556537976,0.0034392297,0.34470455992276194,0.6552953556537976,25.862783622829483
2023-10-25,1.0,1.5,0.0034350653,-8.144496869021799,9.14449570628667,-931.7455786419079
2023-10-26,1.0,1.5,0.003437807,-60.924030582913915,61.92402283390329,-6883.6375708394025
2023-10-27,1.0,1.5,0.0034437513,-75.16173802812409,76.1617285072611,-8501.284252464253
2023-10-28,1.0,1.5,0.0034486207,-8032248.497009277,8032248.497009277,-907395839.6911621
2023-10-29,1.0,1.5,0.0034534005,-8041307.44934082,8041307.44934082,-909281921.3867188
2023-10-30,1.0,1.5,0.0034549364,-9.316142541758952,10.316141250089979,-1067.65902120647
2023-10-31,0.16843275595424378,1.2773990197010576,0.003453184,-0.2773991798891185,1.2773990197010576,-44.54950840805053
2023-11-01,0.2914313787839264,1.5,0.0034486433,-1.2357115031793295,2.2357112233226615,-152.56182607473394
2023-11-02,1.0,1.5,0.0034496344,-15.647022967417781,16.647020902040946,-1779.6757981059764
2023-11-03,0.08983052897399206,0.6728574767484449,0.0034585882,0.3271424377165348,0.6728574767484449,23.639289197790355
2023-11-04,0.08797424141007894,0.6651718773452034,0.0034569562,0.3348280374050269,0.6651718773452034,24.7020797416979
2023-11-05,0.6458907452630567,1.5,0.003457725,-3.946626850959497,4.946626216253388,-459.31036807699354
2023-11-06,1.0,1.5,0.0034609882,-19.357778421431778,20.357775866602537,-2196.6001796677097
2023-11-07,1.0,1.5,0.0034746877,-7947869.300842285,7947869.300842285,-900309276.5808105
2023-11-08,1.0,1.5,0.003485113,-8050678.253173828,8050678.253173828,-911676979.0649414
2023-11-09,0.14270045040830898,1.0585336764923392,0.0034923474,-0.058533810270341574,1.0585336764923392,-20.239565918445923
2023-11-10,0.28597034590433873,1.5,0.0034844303,-1.1642185420228763,2.1642182700255583,-144.76046791693017
2023-11-11,0.10032554352954379,0.7578419673264326,0.0034810177,0.24215793688328735,0.7578419673264326,14.22246277188582
2023-11-12,0.26875789558473606,1.5,0.0034710232,-1.0516095251495936,2.051609263835949,-131.72334729817322
2023-11-13,0.22241687976354096,1.5,0.0034622308,-0.7347227026183867,1.734722483880819,-95.48318440540322
2023-11-14,0.07253310382980603,0.561863042977131,0.0034577572,0.4381368854492582,0.561863042977131,36.59879968874205
2023-11-15,0.11269489438860081,0.895728393041474,0.0034471797,0.10427149327107993,0.895728393041474,-0.6980279645348285
2023-11-16,0.1620653457642175,1.2896366870350908,0.0034418595,-0.2896368523243183,1.2896366870350908,-45.06468413873832
2023-11-17,0.39745488401935203,1.5,0.0034320483,-2.2341994849239026,3.2341990729447616,-262.6804240764842
2023-11-18,1.0,1.5,0.0034360825,-20.39887287919861,21.39887017750782,-2303.5431486626117
2023-11-19,1.0,1.5,0.0034463017,-218.13783672118336,219.13780912984063,-24570.0484943875
2023-11-20,0.18921912170894048,1.5,0.0034520626,-0.5039008532006478,1.5039006639554469,-69.44283522550123
2023-11-21,1.0,1.5,0.0034482114,-12.76611147566736,13.766109732064264,-1449.3478703787378
2023-11-22,0.21010379603777599,1.5,0.0034443175,-0.6990249701057308,1.699024759175676,-90.81429885422837
2023-11-23,0.06730541147557259,0.5317897744148572,0.0034438225,0.4682101582702383,0.5317897744148572,40.094474923596394
2023-11-24,0.10955498952634529,0.8622629826880277,0.0034377282,0.13773690593627894,0.8622629826880277,2.8996487974756757
2023-11-25,0.08015046404467044,0.6388666022323272,0.003425508,0.36113331455699804,0.6388666022323272,28.22030166575788
2023-11-26,0.09946423580709102,0.8252763991664223,0.0034119447,0.17472349472978524,0.8252763991664223,7.698626769907005
2023-11-27,0.06703565089341083,0.5511656787850487,0.0034064571,0.4488342489814392,0.5511656787850487,38.227429034973426
2023-11-28,0.0662447456518262,0.5657759579712616,0.0033859508,0.43422396787371587,0.5657759579712616,36.98040125273896
2023-11-29,0.1341400906732807,1.1939990870335024,0.003372929,-0.19399924164616802,1.1939990870335024,-32.572337118702336
2023-11-30,0.0396832255182599,0.35852380945755435,0.003366574,0.6414761442664434,0.35852380945755435,60.21457835473818
2023-12-01,0.03448027835203207,0.3121447516749414,0.0033574486,0.6878552067657062,0.3121447516749414,65.38300565425115
2023-12-02,0.13385777119485837,1.3353882935180357,0.0033293264,-0.3353884666410764,1.3353882935180357,-46.34039650789386
2023-12-03,0.05283497583983478,0.5316387247305462,0.0033158897,0.46836120575400036,0.5316387247305462,41.66471143603901
2023-12-04,0.040423903451632826,0.42236634429272457,0.0032917333,0.5776336001271064,0.42236634429272457,53.88208614457616
2023-12-05,0.1136325141076666,1.2667488371360138,0.0032653883,-0.26674900197082557,1.2667488371360138,-37.5170378301043
2023-12-06,0.1995774738088503,1.5,0.003247528,-1.273752328684994,2.273752034193609,-146.7018057637671
2023-12-07,0.0777767107116054,0.8993018121989862,0.003229016,0.10069807148084095,0.8993018121989862,2.5505386693670458
2023-12-08,0.0787716633028326,0.9129871377496803,0.0032211419,0.08701274376872244,0.9129871377496803,0.9360663120672312
2023-12-09,0.23463196860600105,1.5,0.003218615,-1.711201430675487,2.7112010789626635,-194.47671007327753
2023-12-10,0.09723914460252321,1.09828112428596,0.0032180948,-0.09828126765237495,1.09828112428596,-19.543091728370786
2023-12-11,1.0,1.5,0.0032096282,-10.660563122547421,11.660561619788993,-1165.9448845953343
2023-12-12,1.0,1.5,0.0032169225,-276.1785604207427,277.178524733133,-30145.152083715955
2023-12-13,0.3876433380784482,1.5,0.0032224723,-3.2029411642375956,4.202940627739087,-359.41573502669723
2023-12-14,0.11581488204047387,1.2111642499430841,0.0032273957,-0.2111644054001465,1.2111642499430841,-32.78977482225204
2023-12-15,1.0,1.5,0.0032321084,-77.83358333299934,78.83357318006193,-8556.553293478546
2023-12-16,1.0,1.5,0.0032475074,-141.0826777746675,142.08265963503487,-15562.502439347933
2023-12-17,1.0,1.5,0.0032576695,-27.886118857540527,28.88611517248557,-3089.8732535921517
2023-12-18,1.0,1.5,0.0032724203,-23.71048610468981,24.710482939775332,-2639.6879673946464
2023-12-19,1.0,1.5,0.0032878728,-301.8102579878028,302.81021904048487,-33578.99892010706
2023-12-20,1.0,1.5,0.0032953543,-7763351.4404296875,7763351.4404296875,-863923263.5498047
2023-12-21,1.0,1.5,0.003298724,-7820285.320281982,7820285.320281982,-869982624.0539551
2023-12-22,1.0,1.5,0.0033075246,-21.181960358222995,22.18195754789252,-2371.192004762667
2023-12-23,1.0,1.5,0.0033233666,-21.29534965939445,22.295346855744988,-2390.167500844271
2023-12-24,0.42226045447042543,1.5,0.0033414864,-2.553922730485117,3.5539222791011817,-298.59977870785355
2023-12-25,0.09241462920001713,0.744974292926782,0.0033554467,0.2550256099297422,0.744974292926782,16.09836443527563
2023-12-26,0.07337993435315143,0.6096657209111235,0.0033465028,0.39033419997395535,0.6096657209111235,31.78034114500599
2023-12-27,0.13539041725927228,1.1565258219640626,0.0033395938,-0.1565259711034581,1.1565258219640626,-29.067997050991064
2023-12-28,0.07467759118097433,0.6478734328198291,0.003335941,0.3521264839259912,0.6478734328198291,27.781379810889767
2023-12-29,0.0638468767110055,0.5627925047115104,0.0033353316,0.43720742298669557,0.5627925047115104,37.341338533413065
2023-12-30,0.08886475318699691,0.7908469290612624,0.0033347195,0.20915296858826113,0.7908469290612624,12.036350855960924
2023-12-31,0.0700136259073958,0.6340028029765346,0.0033296724,0.36599711462558304,0.6340028029765346,29.648246662129917
2024-01-01,0.0374749659061106,0.3497593459783087,0.003322747,0.6502406086734804,0.3497593459783087,61.31424927105441
2024-01-02,0.04289191085680178,0.41313228063132623,0.0033179517,0.5868676655166033,0.41313228063132623,54.42856544572514
2024-01-03,0.03151380918041204,0.30935646528752836,0.0033125791,0.6906434938350803,0.30935646528752836,65.93932097167354
2024-01-04,0.03784070115140131,0.3902684890447107,0.0032963753,0.6097314590576138,0.3902684890447107,57.28998711928216
2024-01-05,0.09188729956269394,1.0267782270190946,0.0032742477,-0.02677836057615366,1.0267782270190946,-11.51193467464536
2024-01-06,0.05794156653647257,0.6563699147854917,0.0032634332,0.3436299996138066,0.6563699147854917,28.679929414130083
2024-01-07,0.032866067801757354,0.3802502438176463,0.0032482871,0.6197497061675671,0.3802502438176463,58.77926454832647
2024-01-08,0.05447381856636516,0.6600358652201429,0.003231705,0.3399640481902576,0.6600358652201429,28.72132098935226
2024-01-09,0.03294452615780574,0.4025613249608651,0.003226668,0.5974386224742418,0.4025613249608651,56.481182518121884
2024-01-10,0.06624035151000528,0.8229062139872598,0.0032194837,0.17709367845734697,0.8229062139872598,11.178054032996746
2024-01-11,0.03527704108248632,0.43809255162854926,0.0032095094,0.5619073908343067,0.43809255162854926,52.731901697809526
2024-01-12,1.0,1.5,0.003194538,-12.725135373011327,13.725133606126084,-1374.8329581953383
2024-01-13,0.12418019930467977,1.5,0.003195265,-0.562133431519043,1.5621332301441728,-68.6489388960465
2024-01-14,0.10921287992691016,1.3454240159788875,0.0031959915,-0.3454241888111763,1.3454240159788875,-45.47876988381994
2024-01-15,0.03519952038301445,0.4162869550389333,0.0032007457,0.5837129909429374,0.4162869550389333,54.82052778699963
2024-01-16,0.07159947984673636,0.8485494014812959,0.0032000183,0.15145048794722374,0.8485494014812959,7.9947560006857366
2024-01-17,0.03806845973704787,0.440498285860446,0.0032034107,0.5595016560212411,0.440498285860446,52.11965656160441
2024-01-18,0.03655788360226755,0.4252800730851377,0.0032040647,0.5747198705573112,0.4252800730851377,53.81177433031363
2024-01-19,0.055943009122933166,0.661118442325813,0.003203021,0.3388814704165642,0.661118442325813,28.30477958667153
2024-01-20,0.7033868063218603,1.5,0.003193258,-7.627433404648966,8.62743228881259,-831.7748193515847
2024-01-21,0.043639848842887144,0.514785734163085,0.0031980716,0.48521419876108973,0.514785734163085,44.118686077908194
2024-01-22,0.039190338390076955,0.4631641588722956,0.0032001277,0.5368357809587959,0.4631641588722956,49.74969749998755
2024-01-23,0.07040655761443726,0.8346816238795519,0.0032026963,0.1653182679765829,0.8346816238795519,9.45784327546746
2024-01-24,0.04848797676738469,0.5631846195063319,0.0032079816,0.43681530674343355,0.5631846195063319,38.785960204930944
2024-01-25,0.1032906571592746,1.2155045642291937,0.0032051073,-0.21550472296813297,1.2155045642291937,-31.82477723722782
2024-01-26,0.059974413899211286,0.6980294031188407,0.0032044784,0.3019705050802082,0.6980294031188407,24.20653801170162
2024-01-27,0.06625258994389945,0.7942097938598928,0.0031898597,0.20579010216736518,0.7942097938598928,14.136152029027249
2024-01-28,0.055547756187970455,0.6720112928330264,0.0031798217,0.32798861904514626,0.6720112928330264,27.35023503214479
2024-01-29,0.03147571781569679,0.3827181371346729,0.0031685738,0.6172818121464441,0.3827181371346729,58.64906438162689
2024-01-30,0.03419917132994132,0.4311702553584076,0.0031572585,0.5688296875004852,0.4311702553584076,53.5406388207873
2024-01-31,0.1198758469864382,1.5,0.0031495318,-0.5706703580468805,1.5706701525401088,-68.8640921982574
2024-02-01,0.02470671558929217,0.31719720787355277,0.0031520207,0.6828027504006087,0.31719720787355277,65.79714085462909
2024-02-02,0.051860811277983185,0.6809590683835264,0.0031529227,0.31904084230197716,0.6809590683835264,26.7083333901211
2024-02-03,0.027820253811369027,0.35871375344958767,0.0031548014,0.6412861989473694,0.35871375344958767,61.335860771409244
2024-02-04,0.017674674413124924,0.2379781261653401,0.003138167,0.7620218422508064,0.2379781261653401,74.49776168856195
2024-02-05,0.015658908075080438,0.22442891867569079,0.0031247484,0.775571051632927,0.22442891867569079,76.03902417474609
2024-02-06,0.01495098982428684,0.22634172921642706,0.0031145215,0.7736582405580018,0.22634172921642706,75.90781906636911
2024-02-07,0.024023287615786006,0.39068502069676747,0.0031007584,0.609314927723667,0.39068502069676747,58.61435097670675
2024-02-08,0.43164748029162536,1.5,0.003101442,-6.218021986337352,7.218021049952576,-665.0437870481131
2024-02-09,0.04255116068914252,0.6844551439919578,0.0031122246,0.3155447669254913,0.6844551439919578,27.184094267346833
2024-02-10,0.033770560456998076,0.5157439989412632,0.0031223393,0.48425593280379814,0.5157439989412632,44.96569298966042
2024-02-11,0.03698861335608156,0.5699413846219624,0.0031193183,0.43005854034880975,0.5699413846219624,39.334189046678766
2024-02-12,0.10524065989933548,1.5,0.0031209846,-0.612772645063941,1.6127724346723096,-71.84341580506518
2024-02-13,0.12421496717154186,1.5,0.0031290965,-0.8416447783310264,1.8416445404339397,-96.81754156019757
2024-02-14,0.07737063006575629,1.0792141934907296,0.0031431313,-0.07921433337514985,1.0792141934907296,-15.89409396041545
2024-02-15,0.08430690207036276,1.134172568298393,0.0031481825,-0.13417271466712358,1.134172568298393,-21.936682124681695
2024-02-16,0.5331258993586544,1.5,0.0031573074,-5.897710440967397,6.897709551172266,-644.0579357549163
2024-02-17,0.03715573279793976,0.45419328993595653,0.0031657347,0.5458066510042039,0.45419328993595653,50.80536741601431
2024-02-18,0.1682404872516772,1.5,0.0031713052,-1.0329971416159975,2.0329968782629906,-120.29983369664217
2024-02-19,0.1515866389171127,1.5,0.003182914,-0.7708715213977452,1.7708712934312463,-92.56337931735952
2024-02-20,0.16492700029034346,1.5,0.0031966858,-0.8598375583687864,1.8598373201273657,-102.87019029226767
2024-02-21,0.08374820814860288,0.8977850061163163,0.0032183386,0.1022148780687038,0.8977850061163163,1.5457465886311548
2024-02-22,0.18799791341534303,1.5,0.0032321035,-1.0041199298561245,2.0041196744501977,-119.63368963455085
2024-02-23,0.05558031769671213,0.5648633869747148,0.0032475623,0.4351365399285496,0.5648633869747148,37.820029676824504
2024-02-24,0.06260291130226832,0.6285490880426033,0.0032544017,0.3714508294102635,0.6285490880426033,30.81704617155517
2024-02-25,0.07551565323749457,0.7597274640100766,0.0032603093,0.24027243622992323,0.7597274640100766,16.40495230116697
2024-02-26,0.08234108721915176,0.8421243082377592,0.0032614917,0.15787558218065284,0.8421243082377592,7.537901089893211
2024-02-27,0.04963147324538524,0.5070954410920838,0.0032635625,0.49290449303625433,0.5070954410920838,44.31093145049482
2024-02-28,0.04557682608787376,0.46875286231558544,0.0032597904,0.5312470761348119,0.46875286231558544,48.59489127712422
2024-02-29,0.10765933799658971,1.1623904623533707,0.0032514802,-0.16239061193915547,1.1623904623533707,-26.855829295468887
2024-03-01,0.0440603426520239,0.4676328836746275,0.0032556998,0.5323670555887198,0.4676328836746275,48.799920704629315
2024-03-02,0.06015132828513983,0.6465622201493719,0.0032504203,0.3534376952848196,0.6465622201493719,29.38220729318992
2024-03-03,0.056862127040620936,0.6217216636867328,0.0032475817,0.37827825525945036,0.6217216636867328,32.16922593697037
2024-03-04,0.08728825541989542,0.9713616227699858,0.0032428566,0.02863825117097814,0.9713616227699858,-5.793530823228565
2024-03-05,0.027363301382354346,0.3074269914953753,0.0032383245,0.6925729688167146,0.3074269914953753,66.54255293201655
2024-03-06,0.08200571058552104,0.9555213051555517,0.0032308705,0.04447857177577576,0.9555213051555517,-3.6426379004212506
2024-03-07,0.039119050238259,0.45329781036191497,0.0032341364,0.5467021314388811,0.45329781036191497,50.735499473776294
2024-03-08,0.031178791453112302,0.36304008944636784,0.0032336887,0.636959863605917,0.36304008944636784,60.58063016425339
2024-03-09,0.02202279559269081,0.2510206360380101,0.0032382815,0.7489793303666971,0.2510206360380101,72.67713915905193
2024-03-10,0.029026334038790604,0.356019618118247,0.0032288926,0.6439803351093943,0.356019618118247,61.54809715951265
2024-03-11,0.040329118921904994,0.4960504345587002,0.003231075,0.5039494998053389,0.4960504345587002,46.34484745454166
2024-03-12,0.040492878516288654,0.5119844431868783,0.0032224676,0.48801548959039637,0.5119844431868783,44.82168790196444
2024-03-13,0.015886351128880104,0.19901896985122103,0.0032190157,0.8009810035930376,0.19901896985122103,78.5204668143329
2024-03-14,0.020717221555290356,0.2773842457798014,0.003206704,0.722615717282906,0.2773842457798014,70.24441685637504
2024-03-15,0.038929893336878754,0.5566120447182354,0.0031899302,0.44338788202791235,0.5566120447182354,40.59325173136095
2024-03-16,0.047215693724603956,0.6791280056742444,0.0031852385,0.32087190515829017,0.6791280056742444,27.415825760937658
2024-03-17,0.22085782484548538,1.5,0.003181161,-2.1773796676042627,3.1773792533530854,-239.62105100287408
2024-03-18,0.17012542151411914,1.5,0.0031752181,-1.4062655715772063,2.4062652595973577,-157.4166103517911
2024-03-19,1.0,1.5,0.0031696474,-340.36027912566095,341.36023502816,-36488.22217896711
2024-03-20,0.09316511137733607,1.2398499742744673,0.0031656194,-0.23985013448093498,1.2398499742744673,-33.224093252483875
2024-03-21,0.35217614480467274,1.5,0.0031595686,-3.5917137840531987,4.591713191468854,-393.9587857925371
2024-03-22,0.4818150239267299,1.5,0.0031567109,-5.078399833059801,6.078399047174892,-555.7519545816463
2024-03-23,0.3355728602891348,1.5,0.003157737,-3.1375300745635286,4.137529544195173,-347.37559525589324
2024-03-24,0.333306115274656,1.5,0.0031790286,-2.855731356288729,3.855730860372608,-320.17079254149246
2024-03-25,0.09371504524611841,1.0326273705107905,0.00319092,-0.03262750461775449,1.0326273705107905,-12.82562332813082
2024-03-26,0.09719804828019385,1.057954267379519,0.0031973338,-0.05795440310606531,1.057954267379519,-15.619712056051
2024-03-27,0.3159722772108611,1.5,0.0032081637,-2.298978457005378,3.2989780295934734,-262.05054634211405
2024-03-28,0.07226812876042375,0.7284599150214732,0.0032223298,0.2715399900456214,0.7284599150214732,19.765807359631395
2024-03-29,0.1739691416960855,1.5,0.0032335287,-0.7484054763558129,1.7484052497850857,-92.54192588928423
2024-03-30,0.07561784030245645,0.7603085820060274,0.003244973,0.23969132095378462,0.7603085820060274,16.274083646631247
2024-03-31,0.11717269419245553,1.1474425474059204,0.0032611035,-0.14744269558907042,1.1474425474059204,-26.74837571451883
2024-04-01,0.05144493590687362,0.498413207823597,0.0032694095,0.5015867276111848,0.498413207823597,44.94982875371914
2024-04-02,0.027214931742377328,0.26840346315974906,0.0032712002,0.7315965021281132,0.26840346315974906,70.43069931137762
2024-04-03,0.03752220965009082,0.38785334643479613,0.0032685292,0.612146603803821,0.38785334643479613,57.47839002150022
2024-04-04,0.11816507276679486,1.2409402679088584,0.0032747134,-0.2409404274086485,1.2409402679088584,-36.02890366974154
2024-04-05,0.029700528306146497,0.30908670229373053,0.0032833298,0.6909132578374538,0.30908670229373053,66.08005107242322
2024-04-06,0.08249796051438094,0.8851755209368967,0.0032844392,0.11482436513288012,0.8851755209368967,3.2174712387285744
2024-04-07,0.08978854551163255,0.9720433627467944,0.003290604,0.027956513380584,0.9720433627467944,-6.274841340512519
2024-04-08,0.03284461440784401,0.3506896413696821,0.003301729,0.6493103139905757,0.3506896413696821,61.58698011545505
2024-04-09,0.034084133354298336,0.357035630051551,0.0033119,0.6429643234058028,0.357035630051551,60.83121174171529
2024-04-10,0.08878240891981219,0.9644470527472914,0.003310697,0.03555282235593661,0.9644470527472914,-5.304920807990774
2024-04-11,0.11138526766820778,1.1890720609935792,0.003317915,-0.18907221570254426,1.1890720609935792,-30.17974502894727
2024-04-12,0.052103311080767586,0.5480766869193454,0.0033207936,0.45192324147418544,0.5480766869193454,39.9572497098111
2024-04-13,0.10042923118145705,1.0784435446316252,0.0033142245,-0.07844368389170671,1.0784435446316252,-17.777507633600628
2024-04-14,0.09479754890633339,1.00517724739594,0.003311493,-0.005177377749307078,1.00517724739594,-9.95476183271379
2024-04-15,0.22433389840530235,1.5,0.0033061807,-1.379925421877245,2.3799251158506585,-160.23084692328996
2024-04-16,0.16975365769249992,1.5,0.00330555,-0.7665861562363806,1.7665859305928053,-93.61690602810158
2024-04-17,0.028279359576867304,0.28414292910300903,0.0033089204,0.715857034304555,0.28414292910300903,68.74296863269532
2024-04-18,0.04856625323245848,0.4971066014758237,0.0032998465,0.5028933337313248,0.4971066014758237,45.503262103876736
2024-04-19,0.08798291885912089,0.9200700920469249,0.0032886202,0.07992978835251541,0.9200700920469249,-0.6441904942526834
2024-04-20,0.849835982239332,1.5,0.003283962,-7.988404411883535,8.98840325601972,-883.1779365997853
2024-04-21,0.12223048203986545,1.2615304862361834,0.0032827687,-0.2615306493721817,1.2615304862361834,-38.35276176397343
2024-04-22,0.06548484125839003,0.6817097089598863,0.0032736722,0.3182902035957935,0.6817097089598863,25.375988843372443
2024-04-23,0.08464506321782829,0.8660451718427045,0.003273598,0.1339547152979737,0.8660451718427045,4.931969540125439
2024-04-24,0.07023695534690755,0.726684511233506,0.0032754287,0.2733153950913428,0.726684511233506,20.28726775561746
2024-04-25,0.04321070625612857,0.44008849283669305,0.003280358,0.5599114497977756,0.44008849283669305,51.63614477352385
2024-04-26,0.05783350107746389,0.6061344627388231,0.0032778173,0.3938654592285258,0.6061344627388231,33.6269853046163
2024-04-27,0.08970774268965098,0.9386603590054063,0.0032845428,0.06133952071792148,0.9386603590054063,-2.93389612984915
2024-04-28,0.20006622614846686,1.5,0.0032895168,-1.076126863559511,2.076126597800675,-127.77794801949642
2024-04-29,0.35826749906790845,1.5,0.0032958149,-2.671251848490772,3.6712513817086676,-303.30474202909727
2024-04-30,0.2986697552718016,1.5,0.0033015371,-1.9833605231282363,2.9833601431423427,-228.4639411818255
2024-05-01,1.0,1.5,0.0033037285,-7703320.503234863,7703320.503234863,-850662803.6499023
